"ca416724-e162-3603-8c5f-e2d0943651e0","Forrest",
"0c969595-20cc-360f-b16b-f229a10bf2f4","King",
"82ab64e1-683f-39c8-9d1b-ae14809a7d9a","Rene",
"56bd7f4e-58ac-314b-9726-69015822e758","Ceasar",
"546450c9-f7bc-3f0c-880f-f2c0761392ac","Luciano",
"0f5637dd-06af-3c14-8949-f3c54b493766","Rasheed",
"7a5b10d9-a648-378f-8652-95a4dbc06e18","Marquis",
"a3eb9f49-c7f0-3bd0-bcee-722db28ca84b","Logan",
"167017b9-2046-3e34-8bd6-34ecf17d934d","Ryann",
"44f10b5e-1432-321d-9d75-7c7eff32a78e","Wilber",
"34390809-a178-3116-bb38-05adcaae952c","Gardner",
"944e7b28-37cf-3440-a03b-5d8f4606cc65","Dayne",
"b9b2f595-46f3-3406-80e5-5dfd6cc447d8","Kaleigh",
"6ca3e8b4-6323-33f0-8b74-36a6b5c3efda","Ubaldo",
"a53be97b-905d-3bdb-82b5-ed6ceda687df","Darren",
"75a37d0e-8009-3a38-ab03-7cea1c57684c","Tyrique",
"a36e62e7-ec35-3536-843f-a2b804a4aa89","Barton",
"a6eae712-94b4-3513-8b26-01b07a804b06","Jedidiah",
"526a1643-8710-32ce-914a-015c786ceb5c","Carson",
"a5e978d4-a59d-3991-9ecc-f7195ae87fb3","Joan",
"1c2c9e2e-d245-302d-8c57-08611f8522f4","Arnaldo",
"626032a7-18aa-339a-8bf5-03d454c60c18","Jordy",
"4f3cd016-ff9d-3bdb-9059-8a456341a2e5","Hunter",
"f9231a33-bcb6-38c9-9c65-bbb6a55b3fb8","Eddie",
"fdd7931c-9ecc-3fc2-9e48-959e7da421f4","Presley",
"6243a1ee-b966-3a0c-a807-77e2ade58744","Delaney",
"dd7c65a3-2e29-3a43-abad-a75f652bb63c","Frank",
"b12af3f1-019a-3852-b08b-a41753db92eb","Donald",
"73c6b365-212c-3da5-a006-0e9a7358c7bc","Paul",
"df2f2a23-3a77-3297-aa8e-1d0d231fff72","Rosario",
"4dbcf71b-d019-3329-b4f8-d14cb75ad482","Steve",
"2d5e5c0c-efea-3b25-8ed7-ffc5c1e6186d","Candelario",
"7e24b9d4-7add-323a-b055-0b932c00f533","Emiliano",
"63e5506e-257a-3cd5-9efd-ba32b6fb3776","Ansel",
"6f2d55e7-c5a2-3c2a-bef8-4e6fdedf56f3","Deron",
"8693b980-0c1a-3168-b002-2d1648bb23e0","Garrick",
"a3e61020-e274-3ef1-98a1-778f4e4c37d9","Tod",
"6415fb4f-2eb8-315c-aa33-3e1cb7b95c6e","Tatum",
"eb0ed3ce-cf7b-388b-81c3-3e4272d3c556","Sonny",
"0f24e511-8bba-37b1-8169-bf2fab0b95d0","Theo",
"8d8c29bf-8cf5-3aad-bd6e-63431966fcba","Jaden",
"ae54d9e3-a632-31e5-81ee-9d67a1da7dee","Jaycee",
"7b4b34b5-7999-3cd1-b7ca-249783116343","Grayson",
"79b9f7c6-426f-337e-a739-177bc5236b81","Travis",
"20ccbd5e-0d8c-3dfe-9842-3144a8f505c3","Hilbert",
"b9582e25-b07e-306d-8aa0-144146fad6d2","Jerry",
"727dc3cd-8e71-3f1b-a4ae-51fafaf8f205","Wallace",
"30690b6d-4130-3141-82b9-4534758cb07f","Rory",
"faac78d6-c8a1-3aee-b794-b9d9406beda7","Brody",
"341c04ec-ecb5-3f1c-b5c1-19df3263254a","Bernard",
"b4d5de99-7b04-3f05-87e5-93ce120a1057","Jacinto",
"454fb80b-1efa-3b1a-8ea1-47725b7ab8a7","Coleman",
"b9239e5e-62f0-32ac-9800-181f92866b1b","Kevon",
"b667c9fe-15da-3246-82ce-c9ef4b2750fc","Abe",
"ba2dbd05-3309-368c-a087-2d995a135e4d","Manuela",
"1f9b3598-5501-36a7-90f6-8f26801c4f2c","Freddie",
"19add11c-f19c-3624-b6a0-7a2153643618","Sherman",
"2a036c41-227f-3019-97be-c2e2df77af25","Kory",
"b85719a2-0ddd-3bad-807a-c679c1a2f5dd","Wilfrid",
"e4d252ec-5295-39cf-a558-5db8df16c8c6","Kayleigh",
"92ce5dc6-31cb-3a26-af18-7186972f2823","Nikolas",
"f7c8f96d-4af4-3f32-9d9a-30b519da2827","Leif",
"db07abbd-007b-3f2e-acd0-bd9ff863e054","Franco",
"7ae973ad-b4a3-3b7b-a9e5-cbe6d14a5f96","Emil",
"5665b9b7-c996-3696-917e-aafcf4bc2759","Adrain",
"663427a0-e2e9-3674-baa8-ee3e2ec4df0d","Griffin",
"7142cea8-282d-3f12-9cfb-eb2334b72999","Tyrese",
"37fd3863-54dd-3d1a-a1c4-9e1fa1a4b2aa","Aidan",
"12ba71ea-4c3f-3b54-ae31-0fe6a49d6b40","Adrian",
"f3753123-eb37-3c3f-bce9-1114c4e3f405","Greyson",
"9fa7dc5c-e6e7-377b-a53f-3177020f2d24","Jaylon",
"d7da5bc4-f3b4-3ecc-a0fa-cbe265369ea1","Tremaine",
"ede1c48c-f0f5-3e7d-b3f1-0d5aaa918006","Darryl",
"68845423-ba7a-35f2-acdc-d9c3bd87b3a7","Porter",
"5f339653-09c8-3451-abbc-48a6973ded42","Norval",
"90e2504a-c5dd-3730-8023-c8203c996aa6","Turner",
"e5a38351-5317-3165-ac3c-dfcc33275e83","Hayden",
"859a18aa-43d5-3987-bed1-bee7e781865b","Nathan",
"ea7e61a0-e2ed-3439-9ec6-fdf3e78d7b74","Jeromy",
"d3f8b960-7a8a-3daa-9b96-c03d062bd83e","Lowell",
"071be419-524c-3f19-859b-b0903be14855","Gunner",
"4e181cad-22a1-3218-af89-78701ccfa126","Toney",
"95b85f89-2310-3b00-ae9c-943dcb71c9a5","Rickie",
"14b4b3ca-e8fe-3d63-8ec4-fb54832baaa9","Blaze",
"800e9743-22a3-335d-8d50-afa502eb7438","Luis",
"8d17d164-681b-3653-b3a7-dab8f2355c73","Virgil",
"e63d12bc-5e3c-3a82-87cc-41ca963bea26","Darron",
"4649370c-dd0a-31e0-a6e1-d03020967273","Ford",
"417a1fba-d53d-3198-93c3-7fc083683163","Ronny",
"8a97424e-6466-3ec7-969a-5baff16ceee1","Sean",
"d3cf0b50-b586-332a-bfa6-4f406e9c31ef","Al",
"8396f731-f608-3886-93b6-549e8e98f922","Ward",
"ca324c69-1606-3709-959c-b196f9e5f183","Jake",
"85de7dc4-df46-3171-9017-35e493474db5","Zackery",
"ed50c083-d57d-3cec-b781-ad943e570309","Sebastian",
"6bc04a8c-0d4e-3fe6-ac87-445869b3675b","Monroe",
"862e28d9-1079-3235-b8c5-1594b3685fa8","Brannon",
"e5660359-ee62-3a2e-92de-218489843f31","Luther",
"5e2502ff-eab4-3a49-b31a-a45ffcdcb5e1","Edgardo",
"ef79eff3-5e54-3e63-b0af-a036d3762f5c","Dudley",
"413a47e2-3e97-31c2-8525-97d27410b2a7","Albin",
"8717b513-14f9-3010-bf5f-5268f6f8540b","Odell",
"a58ec5a8-3439-3de4-b43e-75ab5aa7def1","Kurt",
"9baec932-db68-362a-8f33-867194ff7229","Henderson",
"52433f91-ed44-3208-b2a9-3774987c0a38","Kobe",
"e58be7f6-29f0-3804-9d32-e4de2704285e","Ashton",
"830b5650-5a67-3c2f-abbe-b1fd1fe49cd6","Zakary",
"6833fe5a-9af0-3e5a-bc23-48ba12c90c16","Lukas",
"a1480e2c-825b-3fe6-a4b3-75d6d3b9aa2b","Lyric",
"343a7e38-cbbb-30e4-814b-632136152df3","Bradford",
"69fabf5f-3a0a-3b00-af45-5fc59e529567","Domenico",
"168c4f52-869d-3a64-9a72-5d14cbea1e9a","Garland",
"6f0eecd0-fd57-3f1f-a5e3-035504f43592","Colten",
"4cb3cd7f-ac2a-34a0-87dc-bba7a207b8a3","Ricardo",
"76c0f179-60f6-3a91-ac59-11463465aaab","Haleigh",
"585286d5-1a34-3d6a-8ec0-8956712d0b57","Erick",
"19c45f83-1993-35f0-80ac-c8d710506c3c","Riley",
"68169078-fcf5-338b-b42a-af682703fde7","Karl",
"1d43ddac-1443-3f31-a4d4-2f51870754e1","Toby",
"fb71e67f-2a1e-3542-b71e-b03936f885f8","Valentin",
"6bddd519-5e48-3903-bdbe-1a02eda69025","Brett",
"d7fa20a5-32a3-3036-b0f3-8124e01de120","Carey",
"4e409511-086d-3191-b138-b85a53b49817","Maynard",
"47c4bfd2-a078-36e6-9768-82584a5b99d3","Garrett",
"ecffc3cd-d89a-3a62-b117-e36281feef1d","Morris",
"56a1194d-9381-3596-89f7-9c39996f52fd","Salvatore",
"04f3ea54-3adb-3c7f-953d-db7fa634e3f3","Demario",
"d542d76f-8119-3028-9a89-81b92caedac5","Uriah",
"03db7a34-37fa-36e0-a2c6-4b2ab717e59a","Gino",
"a18da680-ea70-3b14-a1cc-92af3c04ccc8","Willy",
"025c4cd4-70c4-33e0-8694-3a22a763a691","Stan",
"36f83dc9-c1fa-38d4-a4f9-d1c43bacdfa5","Otto",
"eb1561ac-4f74-3ba2-91d0-80b08701f0fb","Dwight",
"11c9f7ae-1a90-326c-9a37-c4a3ef6bff54","Gilberto",
"d40a493a-5c7e-3793-a846-6280dfbdeb40","Celestino",
"5c4776af-b60c-346e-a2df-c1dcf3e024e0","Charley",
"2b54e890-c251-3215-a5e1-e86fb0296a37","Delmer",
"0ecf26e7-b42e-3c7a-82dd-deb9c6e05172","Carlos",
"131014ca-2110-3651-b269-73728778231e","Zachary",
"cea1e619-5467-334c-847a-88498008dda4","Talon",
"3196fa3a-8120-33af-8be1-bbdcf399fed4","William",
"b0ebbd13-05f2-338d-b6e8-d3cdd0a9d6d4","Americo",
"15002b97-226d-30be-a67e-87f16c3b26ea","Alexys",
"723534bf-d87e-3c43-9163-983cb2b46f71","Richmond",
"b1731c98-e201-3190-a72c-85cb05efba03","Nels",
"b23055a0-73e1-3986-ae9d-c6c580a5b102","Trystan",
"9f0fa736-8f55-3725-ac1b-d7b9ae4ac1b8","Fred",
"6957d956-87f0-36fe-9f3d-64b28eb4acb5","Philip",
"a2e9813b-f256-3116-92ed-f14e398fddc9","Amir",
"0ab5a970-c696-301a-afa1-195c1e21c8a3","Barrett",
"a89a3462-7bf8-36ec-915c-3e4926373a60","Estevan",
"92e7a3de-aa14-315a-b5a1-b466736fede5","Peter",
"7d37d6c3-82ff-360f-9bd4-c5dd7febc332","Guillermo",
"4770b51a-b371-3041-9c5e-508738a20f40","Abdul",
"5ab38fc8-33b6-3faf-802f-fe838089a3fb","Khalid",
"1b1f739e-4352-3339-a678-11e0ea5d84e6","Zack",
"0864371e-2568-35dc-b273-9e7f1397b280","Ariel",
"0e2efe95-a7e2-385a-aeb0-f3de4f1ff39c","Cyril",
"a82b16a6-1b6d-30c5-b9c1-668ce57c9e7b","Aiden",
"9cb9108d-e241-3c13-b534-e18033b0cda6","Jerome",
"ed50ca86-03bd-3d63-b64a-6aab0b6efe6f","Jairo",
"c3b3d546-96bc-34dd-9698-d2a9b82598dc","Vincent",
"0803ca7c-b713-3937-9377-f2b083a929ae","Kurtis",
"e2fcf8b9-2b68-3207-8fe4-b28f08dde5d5","Matt",
"488de5d2-e183-37c0-a8db-aae01a981a09","Ibrahim",
"0c849a5f-f268-3435-9642-a99a2ab39f17","Morton",
"80549bf1-e26b-398b-890a-add2ea2bc6f1","Misael",
"97389176-0ff8-32ee-9711-cd9e7fd5555b","Gilbert",
"68639312-4f34-3de5-83ca-4c38a54b25a2","Garth",
"01753c10-9333-3bb4-b830-b7a7b841a780","Chet",
"34dece94-12b0-3a0e-888f-48be30e25b9d","Lennie",
"4de3ae81-7827-317e-9a82-4cf9f387f660","Maxwell",
"753fbf7f-25f8-3e63-a28c-33f2b8d45619","Royal",
"8a9122de-bbf2-3844-be4c-79f82b2fbcc9","Chance",
"44e6a93f-828e-3a4a-9dbc-bf54230fb4b4","Jordan",
"6e69b009-4227-3a21-9377-7e9a5b91597c","Leonel",
"c4bfa917-2c91-34b7-89d6-e4a346db6dde","Jayde",
"5f14b670-f07a-3dc4-b181-c184f9cadc16","Dashawn",
"706bca7c-a2fe-365b-98a6-6bf37cdce300","Sofia",
"07c12db4-6f93-346f-88d3-ee43a2bc315e","Colin",
"863e9d91-8033-3bd7-a6fc-e7efff870438","Bobbie",
"bd40935a-4c4e-3ca0-b3cf-944a6100c129","Trevor",
"6779dffb-a402-3c62-8355-bb9121a786b4","Harold",
"a15d590a-6a83-3ffa-abd3-0babcf4c6dd5","Benjamin",
"c6625491-d152-372d-a933-edb14be10591","Jeffry",
"62c495c7-a667-39f8-b453-fcff0bd4344a","Rudolph",
"bd0ea790-40fb-34fe-80f8-8f4ab33ef0c2","Ben",
"3a3ba8e6-172d-3999-a816-417573fa343c","Vito",
"4a554e83-941b-3981-8b4a-0030aca0a117","Darien",
"646bf5d4-aa01-3c2e-8866-5523a3bae9a2","Kristofer",
"72909cb2-c3c1-340b-b836-be36739d9af4","Giles",
"80e274e7-e57a-3d04-b793-7f287d06a118","Aaron",
"3a6fb0e3-9b4d-32d1-8ef0-1294691c420f","Donavon",
"7daf96ce-4d98-3828-8555-ec2b25b5ca2e","Drake",
"ca4cb9ac-5b3e-3611-99ad-1c65ca5525f0","Richard",
"ff72f715-e596-3d0c-996c-c1f423272167","Dennis",
"9ac54072-61e6-351c-b907-ffe8a4f3f9e2","Judson",
"84f0d94b-5101-3ca4-9110-40ef46ed5e9f","Merle",
"9c2c3038-7656-36f7-bcd4-3a67ee4e7610","Jordon",
"c33476ea-05f4-36d9-89f4-2c9e7d2f430b","Oran",
"ddc7244b-3fb5-3d03-8eee-5921ae72a402","Marcelino",
"9289cbc0-615c-3e3d-927a-8e03a3c69f50","Allan",
"97a96e00-add7-39a6-9563-ba5d728d3280","Guiseppe",
"71c3486f-20a6-3206-9a2d-fd6990302cc4","Sigrid",
"8e512e7e-786f-3c56-858c-fcd793024b3c","Sheridan",
"95d6079e-756a-3870-9e8c-e8d8158eba5a","Jay",
"e017a8d1-7f43-3748-bff5-e3bed9a7cf3d","Travon",
"e6c988c5-2de2-30ef-a79d-69e5d9bf40f2","Rosendo",
"502992ba-a169-3bd5-b9f8-09585d267a72","Otho",
"6da7bc4f-d8ca-318f-b806-098d58b73116","Geovany",
"ceef25ec-1633-3422-a45e-ef0363cd01fe","Florencio",
"18b6f314-840e-32e3-86ab-93a9290fff5e","Bryce",
"00dc6c00-4c71-3a69-ae33-1bb4f109110b","Allen",
"6a945634-88d2-3b07-8abd-e0db9198bb97","Jamie",
"9cdbfd32-458d-3181-ac6e-63876c6666e5","Rupert",
"0a07af03-3073-304c-a612-29d208258b35","Ignacio",
"a8449f87-8ddb-38d7-804f-c0018de3ed2a","Johan",
"8af56a3e-182c-39cf-8978-0a972dbf3b6a","Sammy",
"388632d2-73a6-3dd3-a59f-eab9535d41c4","Deonte",
"89fcadbf-26a5-38f1-8521-61d79f587f58","Layne",
"f4cb8f48-4479-3acc-a99d-ed829e66340c","Buford",
"45946882-91c8-3f34-9007-67ec7e470b6a","Tyshawn",
"67195b5c-849e-3418-8b41-7797f2d88a47","Kaden",
"452025bb-c0b2-3949-a3a7-065cb07371a5","Camren",
"1d861eb3-124c-3cf6-8d69-e8daefb2c29d","Hermann",
"69d3fcd4-43e1-34c7-852b-a988594b94ee","Montana",
"7696be1a-7391-3519-a4ad-d692def881e2","Brendon",
"e8965525-aa46-3f3c-aa29-a7fd85077dee","Chesley",
"a1ddfff0-c8a0-37e9-8542-1d100dc6a231","Tony",
"fc71445a-39f8-352e-8769-cd8f46e4f8d0","Sylvester",
"774ed512-b7d7-3f30-9e26-f069987ef7bc","Jaleel",
"03780d90-5dd7-355f-9554-c494711eed80","Davion",
"e721306d-2936-3f95-85b2-2a079a7a974b","Darian",
"158f6cb0-5707-3b2e-979f-9b1a958c9771","Alec",
"ad3056e1-e03c-327d-b548-d9f3a772e01b","Michale",
"bea7b16c-cbee-370b-b225-9704bc323d74","Van",
"fbc14f7e-4073-3f8d-aba9-b1a486375b36","Elton",
"b0a54dd2-1650-3e58-a3d5-2eb9fdb6f18a","Stephan",
"a767b454-634a-3d89-bbc7-6b2f29d6c7b3","Lafayette",
"5694ad7a-c4f4-3ffc-815b-f10648a67141","Adriel",
"e94ddbd9-cb57-3a64-a593-37e4048b1c4d","Julien",
"63ed4f37-0aba-3319-a2f7-787e4bd1303d","Danial",
"cfb95485-768e-340e-81f7-df3e608d1a17","Thomas",
"fe6866cb-cac6-3aeb-9fb7-9b77a92a3049","Caleb",
"f0edb323-08ae-376d-9571-f22d1f4cd651","Braxton",
"fd8e18ed-2560-3b12-a785-1c5aa37a4530","Nickolas",
"837a94d2-4101-3ceb-ad13-11af9780c1d0","Arnoldo",
"c7643afe-becc-3d92-ab56-a2acbec3318b","Mauricio",
"87d9ce94-e5ee-34b1-a5eb-708580c2f5fd","Jarrett",
"821a14b6-8016-3d9f-a2e9-7d5298a3fb21","Hudson",
"391f64b9-a25f-39c6-b017-1033ad89993e","Ole",
"743de67f-0742-36bd-8dfd-23780cf79c93","Desmond",
"c68611ab-81c3-30ee-85b9-c1c94c365032","Ali",
"abe1c8f0-4a5d-3c8b-8362-785edabb09fd","Raymundo",
"36181096-ea86-3da7-8ff9-f08ee93e9ad2","Dillon",
"29a1fd0d-e542-39ec-a8d4-f629c4590cc2","Stone",
"b26849f2-557d-3b40-bd40-452a74b64237","Darrick",
"10953d01-231f-3c43-8a1c-1f38a9f1d5bd","Leonard",
"ec30850f-a882-3d52-b406-873e08589251","Lamont",
"02941211-818d-382b-8b01-6221aaaf3266","Dejuan",
"a7320532-cfc0-3994-b5cc-2df3a4f4e10b","Eric",
"ddad15ec-3d37-3fe1-bbf4-3540af56e966","Freeman",
"3f3961d1-2a69-3f0e-b0f0-b6b689d9600d","Oswaldo",
"3fc3f388-7f0a-306f-a833-4ba850cc7953","Guido",
"b94b8d8a-75b7-3fc6-9e86-a05aee740fba","Akeem",
"16ead824-f4c7-30b7-901f-789a22b09a44","Eldred",
"772d79bd-339c-3ec6-996f-283e17bdf854","Collin",
"f20f6b11-fd1b-3e06-84cf-ad2c944ef7c1","Miguel",
"610113d4-1356-3d72-b890-d530458391c6","Clay",
"85a4d112-e53e-3e88-bfec-427c9988817d","Flavio",
"168b5f4f-08c8-377f-895d-cbe9fafc6387","Hugh",
"5ac39b10-0994-3fc5-a049-83d9f462908b","Jillian",
"29149a92-f74c-30c0-96d5-131a81eb5a7e","Reece",
"62d08852-c4d7-3d3e-a38a-11f4ece48211","Tillman",
"e84e2887-ca69-3486-ae75-05aca6892ede","Percival",
"26cc98b6-d7a7-3030-8133-cdaa4e036d60","Harmon",
"9530bc95-5ce4-311b-b788-6897b446feed","Kaleb",
"501e090c-ef4f-3c0f-9430-4b801aa50bf8","Lambert",
"9ddbf459-2fee-311e-9b71-362db608698f","Nathen",
"7a192c79-9b82-3a04-8c90-7a6166712f02","Derick",
"9cbdd4ce-604a-3079-a64a-94c11723f166","Clifford",
"2f668283-b22a-33f3-904b-b3fb71bfa736","Manuel",
"650aa044-cc69-3134-b459-3fd7e11b3371","Rocky",
"ca83394f-a90e-32d7-9250-1696f3dee0d6","Rodolfo",
"e5dc9780-161b-336e-bc2f-0c262c3aa366","Jimmie",
"6cfe1750-52fa-35c4-8f25-8d9b57de45bb","Ottis",
"d07dd6cd-b431-30ee-a71b-2a5f992ed8c5","Jeramy",
"4135b476-e90f-3f42-a0c6-2c2c10d69a2d","Shad",
"e8d53168-af5a-3b67-ad3e-b961e827f517","Gussie",
"8418f647-9e5e-364a-863f-18c7f3397225","Brooks",
"76bd1951-9032-3629-af90-eb0df662084b","Koby",
"eff6a784-43be-3e78-b76a-5bcbce7ab6ec","Lew",
"1def3d4d-87ee-3664-aec4-6849a8c00dae","Norris",
"1f475d86-1beb-337d-813f-bea949933ef2","Dagmar",
"7ab4b20b-5a70-34db-9c75-83ec22d16e8b","Llewellyn",
"196b9fa8-55a1-3dfb-85ff-ca4254c2a189","Laurel",
"f1130d49-4fda-3164-9743-ff8516f53574","Gerhard",
"31a8ffba-4218-3b6a-8622-acc1f49f240d","Vincenzo",
"6e970f46-6201-3bc7-9e34-680131964713","Gayle",
"975cffb4-f1df-35ab-9fcc-e00f53698f84","Isai",
"6d26336a-343a-369b-8412-ed0107ad19ae","London",
"7de3e5c6-3348-32b7-8405-1148cc1a1d30","Payton",
"dd6b8cdc-2f0a-3622-9b6b-035de4f71c32","Nolan",
"74ca3fb4-b49a-3e3a-9193-fb2ddccefdc0","Emerald",
"a86a57d5-39e7-3906-9518-6a9c0a4dc909","Christian",
"ece94d8f-51e5-3ad4-9f49-484c4030d266","Janick",
"8bbd255c-cc89-30d9-a518-08d789019cb2","Consuelo",
"148a6dca-d539-305f-90df-dcf3417d240f","Alexandro",
"121977f3-116f-3642-9247-209db204f005","Lloyd",
"ca0364a3-270c-3886-8ae9-aa8d6451d9f7","Destin",
"66fa23d5-bde4-31ed-ae77-244b1977a854","Helmer",
"d082fc38-f65b-3fa0-8f9c-6182a9c77cd0","Will",
"7283361d-8786-30bf-bca8-5ebce357b6a7","Daryl",
"c3f27d40-6cac-326c-9118-fb4ec1a65335","Chase",
"a25f0b54-a6dd-314d-86f4-3362dd5043ad","Clint",
"5d9d7353-5af9-30c0-8834-c6cc2dbf136a","Furman",
"d8932e7e-cd67-3dd8-bc2a-a8dd755f6e2a","Felipe",
"95db8ee8-3d1c-3f38-8df2-a7a8253df08c","Junius",
"2fef5ef2-582a-39dc-9e05-dae5ef0e9d5b","Zachariah",
"6cfe1c81-1a43-37b2-a3bc-91cb4f8cc4d4","Einar",
"331339e7-f6ec-3b0d-8128-93a31b00abb1","Nathanial",
"41aa3a22-b3dd-37f6-b42c-17b6c76f0029","Demond",
"d2109bce-4ac4-366a-852d-39b0f74595be","Myles",
"98873ea5-2f9e-3640-ba59-26f8a86a1ef5","Trent",
"029e3f6d-89c2-3cc5-871b-aa7021cf1f44","Isom",
"2982fc46-2d27-3d45-b559-c47baeb8b1df","Jakob",
"700b1bc1-cbb4-3e2b-a4d6-0ef9e75c4725","Dale",
"192d60ff-c828-38fc-8e32-0654430ddc7c","Daron",
"a8df84b3-e091-3848-ba1e-5550d9e8f3b4","Jettie",
"2c56163a-87fa-3e23-91ba-cebb85b2b3ce","Jamaal",
"f4bfab76-cc05-3bcc-8da5-2f4eb3acfd00","Antonio",
"728a2085-36b8-39af-a4a0-cdc37af4b74f","Ryder",
"1432299c-4435-3a2c-9ac0-7d449c611fa9","Hazle",
"458e4145-91c3-3240-94d0-6e2b0855f33c","Ernesto",
"d1fbb450-b200-3faf-a438-bfd3467fa0df","Brandon",
"33fba1b6-aa28-3280-b044-f8e17ea131ac","Henri",
"79c3b598-b32f-37f8-99fe-a21f40feaffd","Oswald",
"c91215f8-4635-3210-a8dc-61d663ce5649","Christ",
"76a363f1-5931-3303-b19d-c849f574a92c","Dario",
"db8e7911-d3d6-3fa9-af15-fa09fe3a5d5e","Jonathon",
"ce70848f-8700-3210-b108-77ade7c047c3","Cielo",
"195444f7-5516-3f7d-b1ec-31e7cc303304","Winston",
"b82d9f9e-f659-382d-9e21-30ce94bd4a9d","Kolby",
"ee7f4934-eea3-311e-8ad3-533b93fc3c17","Elwin",
"39cb460a-fff6-3dea-bd13-87a790e2692e","Cristobal",
"da988b90-564d-3c2b-82cd-7b43973745a2","Ricky",
"50eea5ef-6c26-3646-b1d6-11af28d5c7c9","Chaz",
"79bea06e-7ad7-3177-92ea-e29b7f4fc56a","Hilario",
"18f31db4-2643-3ab7-aff5-d989ac355752","Toni",
"61d306db-ace8-335d-99d1-55a312472103","Bertha",
"6e3cda0b-05f8-3a6a-882d-19ecfb310fe8","Christop",
"45e374eb-1adf-3a75-9430-226896f4834b","Gustave",
"d6d64bf0-22e1-3707-a3fd-becccbf277c6","Keon",
"69154025-b41b-3a54-bc9e-ff61176d1d01","Bradly",
"3cd0cf73-137f-3611-82f1-097b2e5f76f7","Ethan",
"9ca2659f-f8c8-3114-86d9-7187e0c8a19a","Jamey",
"509c186b-74bb-34a3-ae49-dba6faf4977f","Archibald",
"5f1e0bee-33dd-31e6-a1f0-0fd3a62ae8b6","Brendan",
"82536189-b4d5-3115-84ea-88e5062ed18c","Avery",
"90c9fd09-50ec-3bac-b938-6c7c320c5ac1","Raven",
"57491e5f-525a-3516-8c3d-4dcb1ec46718","Joseph",
"02d59175-15c1-3c09-858f-7ac0a1752f5a","Kevin",
"bce86a87-42b5-34b3-9990-afbd0311819c","Sylvan",
"48495df7-2f01-3ae5-934f-6b2e3def6559","Raul",
"8d3025b5-6b47-386c-8488-9d076173d38b","Mac",
"3ec0d3d8-7fd8-3a18-8850-2c2b9de56ade","Nathaniel",
"efa74c1d-248c-3b1e-9be5-03d089fd82d6","Edmond",
"19d49568-31c3-3790-8649-30901e8d9c86","Oda",
"1935585b-c78e-3c9d-b24c-2ae0a3a26b4d","Frederik",
"932b6436-9c9e-3201-8331-eff1785db79e","Quinten",
"2cff6d92-2291-338a-8b08-ae0ba99e4399","Trace",
"28a8e1e4-cb6a-3a84-a16d-0c1cd3de223c","Wilmer",
"36d2c298-7d46-3742-ab4c-37825c76be21","Abdiel",
"b43f56cd-37df-37b1-85ea-ea9d6679af0d","Hoyt",
"2f74e2ad-cdf7-3f66-9292-30a8738afe17","Lucio",
"d4e505e2-0cf9-3825-a322-d0b53ce2bd62","Adrien",
"f6b244f6-2652-340b-bbd3-63c903b7177f","Rodger",
"ed8580ee-ad59-3514-97ef-151daeae1022","Jaydon",
"d22125f8-a659-3b42-bed5-a0eb64eeda99","Arnulfo",
"41cdbc39-b28c-37a4-b9f3-ba2f66a2b7f1","Kayley",
"a4c4ebc7-c63d-33c0-8be2-b44d84c51504","Andres",
"9dcf8109-2c73-35fc-99c3-b65fb26fcb2b","Benny",
"6117c056-ed98-382d-95ee-645dfb2056e8","Damion",
"1fbaeb27-14ac-3ef7-9953-d1d81ea8f9f1","Kenyon",
"810150a3-bcb6-343f-b02f-f27335cf7160","Titus",
"0184c28e-ccc1-381a-abd4-5d9a5989e165","Toy",
"5704aab5-aeb8-3e8a-b557-93ef63bae444","Moises",
"2f426460-70bd-3e2f-b997-240e3a57714b","Jaren",
"4f080a5f-e14b-36ee-9faa-7b36c4491cf0","Remington",
"124b9741-c727-38ff-b657-86834d4ec31d","Milan",
"65a2dbf6-f4b3-3d7f-af42-fda446eef619","Taurean",
"54543c64-b2f5-3383-bf7f-52c7d581dfb3","Skye",
"26e048ee-3e22-3279-9aac-99e42e3c3ad0","Cale",
"eb1b49d3-8fbf-3875-8428-5ab7ed86d7ad","Danny",
"96beb7fe-5e72-3c1d-b218-2c5d4fe153e8","Ron",
"d59c2189-d304-39b1-a5ea-5bed112591c4","Milton",
"ab4a537a-3d69-33e7-85ad-123a557af149","Ahmed",
"f1be0d54-c134-38f0-9963-3953369ad3e4","Angelo",
"50d9bf04-3f43-3459-89f8-044e560aeb41","Cicero",
"430b8a46-89c3-3e43-b2e0-7f087dd2addc","Carter",
"03e82c23-84fa-3949-b0b0-31216fc3c433","Emerson",
"68f3a466-7ad3-38d6-bde7-5c4debc722f9","Enid",
"22f64687-357a-3074-a7a2-7ab17064e73c","Geovanni",
"9a095d34-123e-3520-9a04-19d3f0556ede","Maximus",
"699faabe-1937-3d83-9aa2-2c2e2569b167","Roger",
"ea64a55a-26b9-3cea-b2de-2378dd72de6d","Jamil",
"311a7985-f33f-39f8-a964-d57e3561b65c","Braden",
"0cfe6160-fbb0-338f-9bb1-f9e8b69e1a80","Harrison",
"11b9ab90-3c71-3d2a-aaa1-45a0ed443984","Saul",
"52b12582-0870-389e-83f0-743f54907b35","Elliott",
"2c2ff072-8c03-3864-835c-d1d456b8c5e8","Zackary",
"64893837-9bfa-3cac-929c-17f2af169367","Kristian",
"7096d718-4ae0-3c3f-a852-d77bc5cef2a9","Marvin",
"535a0ca5-1c29-30d6-93fc-8e91be81fae6","Alfredo",
"b7f4d3de-bb86-357b-807c-b28a93109082","Carleton",
"b79d9f58-ca03-34f2-98e8-4c8d310c0a83","Darwin",
"f9504c1f-8cc2-3deb-90a9-f340b5c31140","Roel",
"053ab1d6-9618-3f11-ab6e-3d5a620f4eb3","Dewayne",
"e05ab018-19f0-30bb-a654-11b4bedcb4cf","Fidel",
"023f4ed3-6f57-32e9-a9a9-d45270c8d3ff","Lorenz",
"353dc538-a044-34b5-858b-6ee51c980885","Rogers",
"5c98fd83-0153-35ba-9016-a6ef8a216cd6","Cole",
"8e644c82-ad96-3f3b-90e0-5db260c85bca","Everardo",
"9249d338-d94a-3086-beea-e2a6b48b12d5","Ellsworth",
"f10b3dfd-5d9c-3ff2-94a2-51fc335b6d7f","Floyd",
"df785ace-1a0b-36c0-b7f1-a826a2eb6873","Dominic",
"e6afa67d-b596-3291-8ad4-540706b62412","Oliver",
"cbea9105-1253-3672-9a33-ffdb589d621d","Melvina",
"7946bdfe-cc24-3afb-94ee-5abc7db46874","Jess",
"11b3af1f-5dec-3e4b-bac2-aaabe3fbf5df","Jalen",
"56d22756-d670-33ea-9c8a-41ab217e3baf","Gunnar",
"b4fb1346-d0f1-3f4d-8713-3afb561c085c","Leopoldo",
"25fb2c94-29a9-3d52-8ba2-b8f3efdb8416","Gregg",
"a192a711-64b3-3e8c-ac99-0ad27a363a0e","Jamel",
"9764dbab-1880-3248-ab7f-ee17ef89803f","Silas",
"6aa6098f-c909-31be-b938-07fbc8b8e54a","Arely",
"66907dc6-034b-3cbf-8b05-b13bfab7fbfe","Madisen",
"f40ada22-4fd7-3988-a68c-cee5523f03af","Doyle",
"0d0cff14-91e8-3bed-ab43-3763c2bdabde","Cloyd",
"0fbb563c-6b3e-35e6-b539-ed8b3637543a","Louvenia",
"c3ec9676-a81c-3a92-96f5-6307d97298b4","Alejandrin",
"2b06587c-7022-3efe-91da-187b3ec8bf4d","Favian",
"2911d9bb-66ef-3a3e-b5ca-e8d07fbcb6c4","Kendrick",
"3a18a3bb-4c6c-3738-9117-1de34e7e4631","Reymundo",
"eb8403ce-5965-3329-9aa7-c0cafb7698d9","Cristian",
"06e7c074-60b8-3331-b50a-4b6bd8fa95ae","Fritz",
"fca32a24-bbdd-338b-8d6a-f41c4ec8f3c1","Scotty",
"611d2013-0230-3407-9ad4-7a6fa3c7f4b0","Fredrick",
"b8a14ef1-5154-363d-8fbd-0c8181aad8e0","Lourdes",
"2fd6dfb9-d02c-3563-ab77-9159aff237a6","Dave",
"28c13ac3-1974-33c3-8d2f-ef1eb3377737","Pablo",
"7c1b69e8-3e35-3de0-bab2-34311ab01c5f","Orlo",
"e870b427-ffc3-31ba-90d9-8e7abf40097f","Kareem",
"c64a739a-c06b-357e-a1c1-62bd0cb993f8","Reinhold",
"e2532812-b87f-3362-b226-3f52615bf2b6","Derrick",
"215378a2-81f9-3ad9-a558-71c2f6c5332b","Scottie",
"6d8f8c38-3958-37f9-bb45-285ea0d6b72d","Quentin",
"bbe7f291-0b32-34b9-9588-11a8a611f895","Bertram",
"c3763a8c-d331-3d1e-9d50-48b150608192","Brenden",
"6f7edc49-a55d-35f1-af11-7d11ea4197a8","Jaylen",
"7a0ada6d-ec4a-3807-b717-4be74615daae","Murphy",
"48bbbe99-b816-3253-bbbf-0003f9b05c0d","Bernie",
"ed7a2a36-65a9-3ae0-a84f-30a3ae355344","Pedro",
"5b595498-9180-3529-96ad-e37881be17bc","Lexus",
"c1d6593d-b7cf-328b-9a68-cc26e87d93ff","Wendell",
"1f7d0321-5a4c-3460-bd90-a0765ae5f1d8","Ezekiel",
"afe2d983-6f43-3b78-8589-c3973b7abd07","Alessandro",
"b64403eb-d789-3c77-be60-74ca939fa248","Evans",
"979b9bb6-f27c-35bb-a1e5-3c0c0ddb4e0c","Adan",
"2d83e83e-732f-3da6-9b03-8d529513e40b","Royce",
"1acb3ff9-02a1-38ab-b01a-4b43d8245d25","Garnet",
"a75bb57b-1a71-3d83-8bc6-e3fcfa91d8ed","Dewitt",
"94fed540-558e-3bad-861e-2e9f1589ea3e","Harley",
"d1a3db67-9672-380b-b659-727c18e54927","Jedediah",
"8ca362b7-b1ec-3204-bcde-b090016fae79","Orin",
"bd7f69b5-1199-3fc2-b4f8-44c391b1c835","Alan",
"3648c0f4-4ca2-33e9-8226-cb7c3bce38cc","Torey",
"d4f30fb9-3e05-3720-9727-b9fd08df63f3","Easter",
"c17205f8-fb72-3bf9-81d8-0fa0208ff73c","Camryn",
"e50974e7-fee5-3dee-868c-ac0cb395b42d","Vidal",
"2f3d6308-3dcc-353b-8f1e-2ae1b17baa0c","Fausto",
"fdb5c1b8-93ab-37fe-9506-da11ce55a960","Jayden",
"b188fb31-d756-343c-8268-4110eed64832","Tristin",
"8c0178b8-7ae4-3fe4-920e-a407203df214","Cullen",
"79770a4c-9286-3659-94ba-fc61e1f93e61","Jerad",
"6433df2d-81ca-3cff-a970-7817a525ace4","Shawn",
"048304be-2117-3ee1-9204-40ccd183c5ca","Ransom",
"2c2f36bc-c038-3409-9186-ffcfabdf2eff","Barney",
"8f392a3b-c8c6-3237-8628-5cd19f21fb26","Ladarius",
"79424763-b5fb-3e87-b66b-b7653cca98d6","Jermey",
"ad1f5de3-cc30-37b5-a311-d11278883faa","Beau",
"a582d90b-e65c-3cbc-8b37-f2a96a88d9fb","Izaiah",
"a9f6391b-0387-3a3e-8646-459071ef05ea","Hyman",
"90b2b9f1-5e7b-30ca-aee9-b18618bef09c","Donny",
"68705600-9feb-368b-bf49-768789748f4f","Raymond",
"cff5abcd-98ee-372e-8f9c-e671384852bb","Timothy",
"d96f8d1b-4ed3-3238-8ab4-481b639048b6","Adolfo",
"80ff9afb-f370-3ed0-9780-c800d63ccb3a","Floy",
"c4dd3237-8d8d-3139-8edf-7f56ee5886d4","Elias",
"bc88acf4-bf90-37bc-81fa-33129690ca0a","Lorenza",
