"995a87b4-63f0-34ad-ad08-1f5a788ce983","Zane","kparisian@example.org","25f027b4598fde3b2a2f557eb7e448a3d77314a9","1",
"d4341dc7-075d-3efe-92b2-b4325e73a678","Pietro","bogan.milford@example.com","560b406c811300f25371e1d1928416f6fd26ee04","1",
"ccfb9313-f7b1-3aa5-b94f-e422af471349","Laurel","leffler.deshawn@example.com","78ba17145ee1db13ce5c9dab7a8d02a33cbf14e3","1",
"d4c00546-d998-3f7f-a210-d975209275e5","Bernie","valentine87@example.org","89435494df7ba2dec67be61685c9e6ad04f7a90c","1",
"f65ddc5f-16b7-3388-9825-06db2be5895a","Mason","terrell.barrows@example.com","c3499a9e7257eb26c36418e701f90f0d0d43a9bc","1",
"17de0884-8017-3308-b56d-90492c0555e6","Jaren","lauren31@example.org","58c2f4c56bf5be53ca50bb18dde7e0eda85437dc","1",
"f78b86b8-a2c7-3508-8b43-1215c9dcd919","Danny","turner.randy@example.com","a7fc8a2575a4097a80c60fd47729c3410186e13a","1",
"9f5c38a1-1a6a-3add-a106-b43a1cd7e7a8","Jordon","ytowne@example.net","f1dbc44b567004126050963a28f87ba65c0023f8","1",
"4d5801e1-158c-34e2-85f5-bbf9d48d86b7","Abdullah","yost.zander@example.org","edbcf4c4f19665170225e32a0a260cc8caa7bfa0","1",
"6f990a49-7def-35f7-a4f5-0839317d1e32","Orrin","karianne26@example.com","97039fa5e3c9e9341df4afcf7d462e174454fe5c","1",
"378be78c-3221-3586-9b64-02adf9c2c984","Rex","rene12@example.com","cb6418449015d0cc57aa2b90e6159e50abef73a6","1",
"287716cc-c6a5-3063-8fd5-4a45abae8938","Clay","alessandra98@example.net","b77cf492bb399189ce066d75bfe67aeacea41473","1",
"2a5160e0-5d1e-36c8-9e80-df3028df8b86","Bradly","keven.cartwright@example.net","8b56cdc54c401bc0dc920f24ba47bfc7e8800833","1",
"7be6421a-8230-3b94-af2b-d091b9312dad","Regan","jace58@example.net","a7e6a7b1c6d9c503c17e0c4be1d8a60fc4de0b2c","1",
"70bc40a7-d232-3988-acfb-8b3596ffd5f2","Manuela","vstreich@example.net","da577833cb55d9c4c4f3f0679e66924965478800","1",
"e55cd952-1f85-3836-9583-26f978c4fe9d","Jordy","kavon.cronin@example.org","0c095298f973f2122f92897fce5121381f5d8684","1",
"ca9dd1d3-82dc-3cd8-9705-ca82b049e798","Roy","lulu.daugherty@example.net","3631c336698e39c10d9fcfd2fcb1620c15b74f9b","1",
"89925845-d39b-32da-bb90-8d4a13e7ebb7","Duncan","ewalker@example.org","198859d0f6bd1cf9d3df487e226bdbe2f0bce536","1",
"eb271d97-af9d-3e29-8729-ffbce2787e7c","Ansel","gerhold.esmeralda@example.org","84c8a846fa32174d134578a308fd26a760d4c84e","1",
"aff62461-2ef9-37df-b311-e99e3462bbbf","Cordell","jennings.dietrich@example.com","9fd6a5b63b3bec79d64283f7f93ef7127c6801e0","1",
"6740dcad-f33f-388b-b98b-b1111657ccbe","Jessie","zmurazik@example.com","2038548a3c869f89f93436752b0ff74fff66bee6","1",
"61fae345-4d8a-34a4-a261-6762469e3a9f","Ronaldo","adam.zieme@example.org","90945c8fd180c2d88233373fc1dd312e5598837d","1",
"859d69a6-3db4-3dc5-b251-4c3b03d818d4","Billy","hayden43@example.org","7cb55a59026e5d94e61ac44e34697d2262a67a52","1",
"d13c75b1-f337-3a8f-b492-573dcb9fd19b","Ahmad","dedric15@example.com","14d72fb5c1ed624896c159e93755fe148fe72740","1",
"1a673c3a-a1f5-34ab-a257-4e2b4df60f71","Uriah","lavonne.wolf@example.org","75e5101c6d928a6a97dbc3534d6affddd8ce9856","1",
"1c746b0c-a452-3702-aad0-ed7ecafc55e5","Eriberto","bertrand.beer@example.net","1d515ad2122a5db3db22c4aaac8bdbc28a7ebe40","1",
"d5a7192c-2c5f-3636-a4d8-5f0f2040aae4","Brando","urunolfsson@example.net","af9d3d0472e96dedf5a3f475f56c511222227858","1",
"9dd7d730-a83d-30a4-9529-8ffa732de5f0","Alden","queenie59@example.org","843f7d70226142dbfb654322ea31c22e2ce57e6f","1",
"8c33b3d7-92c8-3c5e-8926-bf1a115c7aab","Charlie","yundt.naomie@example.com","3f878917831bab21de24ee9470684b971794e5f1","1",
"ce12e800-ea65-3453-8f11-bb9dc643839c","Paolo","maymie.romaguera@example.net","c7544a857be1474fe28f588ffb3857bb6576d930","1",
"f179bd6a-1b51-3e0c-9f4e-e66291ff5f1d","Kevin","ukunde@example.net","16b4cd85e013dcf1b849c49bc9525bcfb86f31ee","1",
"b48751c7-65d3-3c70-9033-4f03f96c391e","Marley","charlie12@example.net","62bf5d9d5295b35bc7fa4f4cafb1ea145bf4c0cc","1",
"715b4daf-eb39-339e-b245-7fbda1b0cb07","Vernon","perry40@example.com","b629f87c9fc26651e85573676e0c5667d11e1f67","1",
"58fb6ad0-3875-378f-a069-ab73b4c27236","Harold","shanel.treutel@example.org","194a76d9a952e14accd85879d083f83292e246aa","1",
"3b9a355b-2219-3d96-895f-559e20947808","Reilly","tessie28@example.net","97ac5111af4fc26ab2b1f6cab57e9fc144424c9f","1",
"6b28234d-ef6c-3329-960f-c8f0db5cb4ad","Bertha","price.rodriguez@example.net","1b955621fa3cda8aaa31133c5d7a1e2a5c94feee","1",
"379d3c14-42c3-357b-b628-7d5fd67da564","Tatum","jtoy@example.com","f9ef1142cc6425427949a9313ef847e8c3ab5b7b","1",
"d086f139-0ab9-3bde-be1c-cb137d856b08","Elroy","eldridge.armstrong@example.com","75ef50bcb679d4c560ff35ba3df4a32ca8b388e5","1",
"5fbca4e7-c3cf-3294-9732-68656cdf5e90","Bertram","fwindler@example.org","b8c8dac4edb303344a84680c2dcbf05183feb5ec","1",
"2a0de503-747a-3729-97eb-c6ce52f10f70","Miles","kkonopelski@example.net","7bb8b3f3c4130515970bfcb726fde2da1b9a8f26","1",
"68ebf923-b93a-3148-b8bc-efdd3abcffa8","Bruce","brakus.dortha@example.net","560191b437be3fc44170ebe399755bc1d033a028","1",
"8f6fabe4-3a73-3cc9-b6ca-2349b927ad65","Jevon","shirley40@example.org","0019e7480154b3165c22de8a21d508a416c0af14","1",
"30f98771-7397-320c-8d78-1305f88fd8c2","Douglas","king.stroman@example.net","f77af3d3b02e88c0df8c7d4ff0a7ede65e328b0b","1",
"93d84351-aaeb-3bf5-aa6c-d6cd08f82a07","Ronaldo","king.gabe@example.net","462dca2d39423ff7514ad92ba5e4b9b6be908247","1",
"3bb54de7-fc42-3be6-b140-f97cf07f5c1e","Alexie","lwiegand@example.net","3adbd1e850ecd097a083a763797546e73bf51037","1",
"31ba445a-ce7b-378a-946c-157435065cb9","Damian","itzel79@example.net","e06884213877b481b228860dbafe44f4db659cea","1",
"d41682b8-47bf-3350-b051-95cde58a0fea","Harold","caden13@example.org","a2b0dc772151a70591c4f821c7df5a7422ca991c","1",
"2e28dfa8-9166-3a7f-b6ee-4cce61f9da15","Shayne","eulah26@example.net","45cb5686f22b2de681dede17008df6b7f7bbc017","1",
"77fb7d7b-5e4b-3efb-81b9-e81559a638a1","Guiseppe","hipolito.kuhlman@example.com","9bf37d1ee6f48938a2152f88dcab9566ab2ff1d3","1",
"16f4918b-99a3-39d2-bce3-ea4578778730","Ervin","kunde.eduardo@example.net","fea6618384a6a4c16eb0ea701d5f644e419194bf","1",
"140c8262-aa4f-3ab6-a9c9-3f8ab190186c","Kane","ron16@example.com","7fd470912a1b97a4c819d7e9499831942ac86dd5","1",
"188332c3-faa2-3588-93eb-a7f17176fc70","Devon","hyman54@example.org","caf4d10739193dbc04a22788b6f7de409ab6a534","1",
"a9307fff-1bdd-38c3-9d39-82fca13f8355","General","consuelo.pouros@example.com","a76b3709dfab9c66ce7173997ccea5abd6ea8854","1",
"837869c8-f7d1-3c41-bfc3-1aeb1fabbf40","Anderson","ystokes@example.net","4bdd2334db09c8631ed5a0617c8ee0acc3d8f374","1",
"66890470-baf1-34e4-a97a-edd1c936e2c7","Delbert","xfisher@example.org","d8f3a9c6906d55f3b05973bfd12b2833a29b0b3a","1",
"9462bf70-a96b-3dc1-a5ea-d26ec15974b0","Jay","carissa.kassulke@example.net","16b7937bda6c7439c56db42de6880290111e3c57","1",
"f51bfda3-7a03-3fbe-ba1b-60839bcbf8e3","Abdul","roberto71@example.com","3b15dbab6335ca364b277bdd1501eb19edb5a609","1",
"fb2501ea-87d2-3781-b8c6-8e2297ff3f01","Dustin","rosanna22@example.net","7110bbaf0dd8c04b326ef2d1ba053f3a436bfe43","1",
"739279df-86e2-3583-b2c4-49ebbd3f9126","Cristopher","kariane.kunde@example.org","4140c00f06712ee49138184c682631c88a5b27dd","1",
"00ff9656-1775-3094-9c3b-46f1fe0818c2","Sammie","qconnelly@example.org","52b15305615d5fe2bad1d50d0cdd5adb77e2d5a6","1",
"3fbd4358-e9b3-33e0-b7b9-3ca75f75044c","Adalberto","marquardt.alexander@example.net","906da270570c1fc1554097536ebefb201702464f","1",
"27099a43-6c92-32a2-ba78-bcdb3651cdfc","Zackery","graham.elenor@example.com","ad257433ec6008bdff9ea4e2747f3cb88a27f792","1",
"96eee837-f2d6-3de7-89da-b999f1460cfb","Raven","zmoore@example.org","9fc22cbbae17be74eaf8e59401820cd3c6d4c1b4","1",
"0355149a-180a-3ab8-9001-f49d75bf6d67","Humberto","mhilpert@example.com","e7c2712e7b45468a6f0b0a5608ed51512b0c1214","1",
"8da91127-9a3d-3334-979b-2ffb4264fc49","Alexandre","rokuneva@example.org","629f9ccd9a37667462c69d43bb1cebd8d8d96827","1",
"38fe8bc0-4e17-3963-9915-4ffd8cec0eb2","Bernhard","thowe@example.org","74f844f66aea1d6f7df9af0a4c4238dba4bfbb8b","1",
"045cd6f2-bfbb-38d4-9d86-9cf6d8514565","Lance","lorine47@example.org","5ced4117a72766a6104a75116623ad82101887ea","1",
"bea58d49-d3eb-39f7-9691-42f75dc6f4e9","Pierce","abdul.cole@example.org","24bdf33b248e9c274dc3895258869c90193bec8b","1",
"08bab872-863e-3250-91d9-e54c375780cc","Bobby","bashirian.vaughn@example.com","598bf27934c9d146f4934dca2f836bb3f50c9f53","1",
"ec78cf2f-042a-37d9-b69a-06e5c0a7fbc0","Ezekiel","athena06@example.net","84d5d0c794d60f8c8e3c97e066303e53112bdb80","1",
"1044cc2e-5a07-3094-a8dc-620ce09c5d36","Sven","murazik.luther@example.com","6c890935123ddb5540a28e25f16712418ff80051","1",
"38e02e74-0a00-3aff-a677-ea4f1d40e9cd","Mose","vrenner@example.org","410ce114455671e0f0d8505b3e6d6cd10910d331","1",
"e66eee47-d306-3d93-8420-4389fd4fcb0a","Maximillian","antonio.cummings@example.com","f10936a75d8437dfadac1a8a3996c9373601f4de","1",
"2bbf32f9-58fe-3e79-a5f5-fa1dd501566a","Raymond","rippin.gia@example.com","9d176ec74fcdeb3221bf58fd9930358656d9ceca","1",
"f73eba1d-2eb5-3428-a418-1e2763a6f169","Nikko","elise89@example.com","bd65c19c00e651fed4fbd3446052848c1c21814b","1",
"85cf2fc4-1fe3-35ca-ad93-1b4357f4fa3c","Reyes","francisca.miller@example.net","2a9a5eeb9a440ab0a98bc2432b0259aea0ae2e8f","1",
"989e4cd1-7b15-35b4-a596-db832b814e94","Eleazar","uzieme@example.com","d991ffd8404ef56eff8d8d20019d3fb39bfa6012","1",
"1851ac56-3b2d-33d1-94b7-51150999be9a","Tyson","patsy.hagenes@example.net","e4c03152f344af008e37353b476e7a92494e3cd2","1",
"d2d5cc1c-6196-39ee-8cc5-c96e55ffbb0c","Walter","luciano89@example.net","edc0691bdb8fb04b74a3d65bb15e12dbb009d510","1",
"ca7eafdf-9dbc-3291-9343-ac33f8f1b020","Damian","rempel.shanon@example.net","6198979632464df4624be2cb3ba0435ab7a72b46","1",
"ef9096e9-d33e-3069-9f02-68fea679501f","Reilly","augustine.krajcik@example.com","94eb6b7a2692617045bbe249f8fe1cb58943bdb7","1",
"f8ec79f8-a705-3673-922a-eb194c21d486","Delbert","joseph65@example.net","1e42cf43f7203eaa8bdbe5ba4f2223536cd91173","1",
"df3527c6-f787-3b31-b124-ca259c17d63c","Elbert","nberge@example.org","ce7b562b69ab11572a943b0146f540157c39e116","1",
"4d1e0298-f59d-3eea-969b-5b41474642c3","Price","horacio15@example.com","78d6e3654f8c8572820f0c627a422f1201f9d200","1",
"25cc911a-de42-377b-870b-5394b187c0be","Lorenzo","ucrona@example.com","b78eb16defc28b8dcf3ad55b3185f56a36d8dfc9","1",
"63688d62-3613-3b5d-94b6-5482cedef145","Ari","elijah09@example.com","7db274ea74d0d36dc08d445071abe7ca5ff5e73b","1",
"3446e9a2-f31f-300d-9f6b-ed9ab9b43d01","Anthony","kautzer.donald@example.net","308ade0103c51ec2339b09ef2174f8916bb801d4","1",
"06dfd997-359a-364a-b3a3-71f48f55bb06","Kade","ivory.hoppe@example.net","773038d41ffa58bb89566ba966f4320ee6b2cf24","1",
"a1be19b8-981c-3f11-96b9-6ed34a4e0d21","Maverick","ceasar29@example.com","61d359e3da5dbbcb000d35b9a20e9b156417c8b8","1",
"f909785b-caa1-366a-854a-2577fdfb96bd","Neil","cade51@example.com","c7521fca448433fa03c317ba916a4bfe9391975d","1",
"bd1bc113-adf0-3dd8-be8b-fe58be8bda2c","Matt","kelsi.auer@example.org","37a76b6f0b6d14ebd1fbb39e4b20da10754a984f","1",
"19fb157f-c277-3f6b-95b2-ba4f33da93fb","Rhiannon","huel.emmett@example.net","06bd4510dbcade2445a66411fc15a942ae8c2aa8","1",
"faa014c9-6f0d-31a3-9aec-af7006dda3ea","Rasheed","arthur.morar@example.net","8b63cb54b598279522c1210fa2279835f28dc516","1",
"26d36457-6be8-38ad-bf74-6ae1af10cdfa","Javonte","lavada34@example.com","2041168f69733ad9246a302d2f16e60b047e66b4","1",
"d0236655-2934-3228-832b-98a37b62006d","Rene","madisyn80@example.com","28bb713941cb0bd5e2aadea0b2f45830dfcd72be","1",
"33941b10-d8e9-3330-b808-eb3ad1d65eec","Kirk","wisozk.anna@example.net","b5195c00c31d04e74849ba7a1643966487684b28","1",
"a5d89a4d-6a08-3f26-8c9c-07321a8c31ff","Ellis","rosenbaum.reyna@example.org","44406e508798e92dbec1ecc865bcf16efbc55edd","1",
"bfd7decb-43ba-34f5-b0e2-77a4543c3af6","Davin","joe23@example.org","d77f212921fb3ac4c05b293dfd47468843002466","1",
"4c921290-1d52-35c3-a471-d68ee839f212","Russel","saige32@example.com","cbb79380423b895a30da4c829506ec81344ac146","1",
"f823a29f-10f2-327f-99f8-7ea84ec65478","Preston","braxton.weber@example.com","75cd03d3d548bf3dc3be2b66138921200f4a8d60","1",
